job_family,ai_impact_type,job_count
Product,Augmentation,1
Operations,Automation,1
Finance,Augmentation,1
Marketing,Hybrid,1
Engineering,Augmentation,2
Human Resources,Hybrid,2
Audit & Compliance,Augmentation,2
Consulting,Hybrid,2
Finance,Hybrid,1
Project Management,Augmentation,2
Data & Analytics,Augmentation,3
